TimeStamp,ax,ay,az,gx,gy,gz,mx,my,mz
5608.7377,796.782,-66.978,647.332,-1093.75,-8505.0,1995.0,-185.44,68.4,-249.28
5608.7878,803.492,-72.163,644.221,-945.0,-9126.25,2310.0,-159.6,53.2,-247.76
5608.8377,814.045,-66.673,636.474,-533.75,-7883.75,787.5,-164.16,60.8,-243.2
5608.8877,809.714,-62.342,634.644,-840.0,-4803.75,507.5,-161.12,51.68,-250.8
5608.9377,795.623,-63.806,635.559,-1496.25,-5311.25,831.25,-170.24,63.84,-246.24
5608.9877,801.845,-69.54,638.975,-980.0,-6667.5,297.5,-164.16,63.84,-237.12
5609.0377,799.893,-64.05,643.306,-953.75,-7218.75,568.75,-186.96,54.72,-234.08
5609.0877,804.346,-67.771,639.829,-1435.0,-6991.25,647.5,-156.56,74.48,-250.8
5609.1377,807.091,-64.965,635.437,-1723.75,-7315.0,-96.25,-170.24,50.16,-249.28
5609.1877,809.043,-63.44,633.058,-2371.25,-6510.0,-210.0,-168.72,56.24,-243.2
5609.2377,817.522,-71.126,634.583,-2073.75,-4882.5,-962.5,-177.84,45.6,-234.08
5609.2877,811.239,-66.49,636.352,-1680.0,-3850.0,-551.25,-158.08,53.2,-237.12
5609.3377,792.878,-66.978,629.825,-1968.75,-5416.25,-140.0,-179.36,68.4,-249.28
5609.3877,808.677,-70.394,635.254,-1435.0,-6256.25,927.5,-162.64,69.92,-226.48
5609.4377,813.252,-72.712,634.949,-656.25,-5783.75,1137.5,-167.2,65.36,-240.16
5609.4877,804.041,-62.464,632.265,-700.0,-5530.0,595.0,-176.32,54.72,-231.04
5609.5377,807.701,-58.011,632.753,-1268.75,-6020.0,78.75,-174.8,54.72,-224.96
5609.5877,806.237,-61.549,630.435,-2108.75,-6650.0,-630.0,-176.32,45.6,-231.04
5609.6377,813.618,-66.307,630.191,-1697.5,-6562.5,-481.25,-167.2,68.4,-240.16
5609.6877,816.607,-65.087,628.666,-1190.0,-5661.25,17.5,-182.4,60.8,-226.48
5609.7377,820.023,-61.366,632.082,-1198.75,-4077.5,1233.75,-162.64,54.72,-238.64
5609.7877,806.603,-63.562,627.69,-1233.75,-4068.75,1470.0,-182.4,59.28,-228.0
5609.8377,798.368,-61.488,625.555,-1951.25,-4523.75,953.75,-167.2,57.76,-235.6
5609.8877,816.546,-69.54,635.376,-1365.0,-5320.0,-568.75,-171.76,45.6,-235.6
5609.9377,816.302,-57.889,636.23,-980.0,-3990.0,-175.0,-186.96,53.2,-244.72
5609.9877,794.342,-60.146,630.496,-2520.0,-5276.25,463.75,-165.68,63.84,-238.64
5610.0377,816.668,-72.895,636.962,-1828.75,-6238.75,901.25,-190.0,62.32,-237.12
5610.0877,818.742,-67.283,635.132,-857.5,-4847.5,498.75,-170.24,51.68,-243.2
5610.1377,815.082,-62.22,629.154,-1146.25,-4550.0,218.75,-191.52,56.24,-238.64
5610.1877,809.47,-61.427,632.021,-1487.5,-3771.25,743.75,-174.8,60.8,-252.32
5610.2377,801.174,-65.88,628.666,-2301.25,-5722.5,630.0,-168.72,53.2,-243.2
5610.2877,815.57,-70.028,629.947,-1680.0,-5766.25,105.0,-199.12,57.76,-252.32
5610.3377,814.411,-62.525,628.788,-1408.75,-4821.25,-568.75,-162.64,59.28,-235.6
5610.3877,810.568,-63.806,630.801,-1636.25,-4217.5,350.0,-174.8,57.76,-249.28
5610.4377,808.921,-62.464,632.692,-1610.0,-4261.25,411.25,-170.24,53.2,-243.2
5610.4877,804.163,-63.867,631.289,-1443.75,-3998.75,822.5,-176.32,42.56,-247.76
5610.5377,815.021,-67.527,637.389,-1216.25,-5241.25,-61.25,-190.0,60.8,-228.0
5610.5877,813.862,-59.963,640.134,-1050.0,-4480.0,-805.0,-161.12,72.96,-229.52
5610.6377,795.928,-60.695,631.777,-2100.0,-4331.25,-8.75,-170.24,74.48,-228.0
5610.6877,808.189,-68.381,638.487,-1697.5,-5538.75,463.75,-173.28,53.2,-235.6
5610.7377,809.287,-64.355,637.206,-866.25,-5232.5,726.25,-186.96,54.72,-255.36
5610.7877,803.614,-59.353,634.949,-1347.5,-6440.0,638.75,-161.12,66.88,-243.2
5610.8377,808.738,-62.586,634.583,-1785.0,-6405.0,752.5,-177.84,59.28,-243.2
5610.8877,802.455,-65.331,628.605,-1566.25,-7183.75,446.25,-164.16,74.48,-232.56
5610.9377,816.546,-68.015,630.801,-953.75,-7183.75,813.75,-174.8,45.6,-238.64
5610.9877,819.474,-62.159,629.459,-673.75,-6037.5,831.25,-171.76,53.2,-244.72
5611.0377,815.875,-58.865,627.812,-1531.25,-4891.25,1330.0,-171.76,60.8,-240.16
5611.0877,802.028,-63.196,627.141,-1723.75,-4847.5,971.25,-191.52,47.12,-238.64
5611.1377,807.396,-65.758,625.555,-1618.75,-5810.0,560.0,-161.12,72.96,-235.6
5611.1877,825.696,-66.551,629.52,-1548.75,-6527.5,1050.0,-174.8,56.24,-237.12
5611.2377,822.402,-65.88,627.934,-1120.0,-5031.25,542.5,-170.24,62.32,-246.24
5611.2877,806.359,-62.769,626.653,-1671.25,-3552.5,542.5,-173.28,59.28,-240.16
5611.3378,803.553,-65.697,625.921,-1933.75,-5363.75,1067.5,-155.04,60.8,-243.2
5611.3877,810.934,-69.052,632.021,-1365.0,-5433.75,708.75,-191.52,65.36,-241.68
5611.4377,813.618,-67.527,628.117,-1505.0,-5162.5,840.0,-170.24,34.96,-240.16
5611.4877,814.655,-65.331,624.762,-1338.75,-5162.5,665.0,-185.44,59.28,-243.2
5611.5377,811.3,-65.758,625.128,-1653.75,-5416.25,708.75,-173.28,42.56,-221.92
5611.5877,816.607,-67.588,626.958,-1636.25,-5022.5,603.75,-165.68,54.72,-241.68
5611.6377,818.193,-69.662,627.141,-1172.5,-4410.0,498.75,-173.28,56.24,-228.0
5611.6877,806.359,-66.978,629.215,-1776.25,-3640.0,1067.5,-173.28,45.6,-234.08
5611.7377,809.897,-70.638,631.472,-1767.5,-4366.25,831.25,-177.84,57.76,-240.16
5611.7877,804.834,-67.283,631.777,-1478.75,-4541.25,446.25,-176.32,69.92,-232.56
5611.8377,806.115,-66.734,628.727,-1330.0,-5118.75,201.25,-173.28,69.92,-238.64
5611.8877,808.799,-68.442,631.045,-1855.0,-5993.75,1365.0,-171.76,66.88,-241.68
5611.9377,815.204,-68.076,635.376,-481.25,-4235.0,-43.75,-191.52,63.84,-231.04
5611.9877,798.49,-59.536,630.191,-2126.25,-4226.25,533.75,-177.84,45.6,-238.64
5612.0377,802.028,-68.564,631.899,-2380.0,-5530.0,805.0,-171.76,68.4,-246.24
5612.0877,813.313,-72.956,635.742,-1015.0,-5040.0,332.5,-162.64,54.72,-229.52
5612.1377,807.518,-67.283,629.276,-1400.0,-5591.25,1627.5,-165.68,51.68,-234.08
5612.1877,813.008,-73.444,631.228,-1041.25,-5818.75,813.75,-180.88,60.8,-234.08
5612.2377,810.873,-64.965,630.496,-1557.5,-5652.5,288.75,-176.32,69.92,-235.6
5612.2877,814.96,-66.185,628.605,-2003.75,-5145.0,-210.0,-173.28,50.16,-240.16
5612.3377,816.241,-70.394,629.886,-1995.0,-4331.25,8.75,-171.76,60.8,-243.2
5612.3877,815.997,-68.808,629.886,-1330.0,-4103.75,700.0,-185.44,54.72,-231.04
5612.4377,806.542,-69.784,631.35,-1443.75,-3972.5,1811.25,-161.12,56.24,-240.16
5612.4877,809.226,-68.747,630.435,-1128.75,-4208.75,1295.0,-185.44,62.32,-241.68
5612.5377,808.25,-66.673,633.485,-1312.5,-4182.5,367.5,-170.24,42.56,-229.52
5612.5877,805.81,-63.379,632.57,-2117.5,-4322.5,113.75,-165.68,59.28,-246.24
5612.6377,798.368,-71.187,634.156,-1925.0,-4340.0,393.75,-173.28,74.48,-241.68
5612.6877,810.324,-74.176,638.975,-1662.5,-5591.25,1312.5,-174.8,53.2,-246.24
5612.7377,811.605,-68.32,637.938,-1128.75,-4182.5,857.5,-180.88,60.8,-238.64
5612.7877,795.196,-67.161,633.18,-1750.0,-3823.75,341.25,-165.68,51.68,-228.0
5612.8377,801.662,-69.479,636.718,-1872.5,-5460.0,691.25,-180.88,47.12,-246.24
5612.8877,808.738,-70.577,638.67,-1408.75,-4777.5,586.25,-173.28,68.4,-240.16
5612.9377,796.782,-71.553,630.984,-1793.75,-5556.25,1408.75,-161.12,65.36,-247.76
5612.9877,811.178,-74.847,635.742,-1268.75,-6842.5,498.75,-171.76,47.12,-241.68
5613.0377,810.263,-70.516,632.143,-1496.25,-5880.0,-43.75,-165.68,44.08,-234.08
5613.0877,809.897,-70.821,632.204,-2091.25,-5932.5,542.5,-177.84,56.24,-234.08
5613.1377,817.156,-74.542,633.485,-1233.75,-4523.75,656.25,-177.84,57.76,-255.36
5613.1877,810.202,-70.394,632.997,-1032.5,-3745.0,1023.75,-176.32,68.4,-231.04
5613.2377,804.041,-72.895,633.241,-1435.0,-4287.5,1216.25,-177.84,62.32,-231.04
5613.2877,806.786,-73.139,636.291,-1575.0,-4515.0,883.75,-174.8,50.16,-255.36
5613.3377,807.579,-74.176,634.156,-1531.25,-4515.0,507.5,-174.8,63.84,-238.64
5613.3877,808.189,-72.773,635.376,-1680.0,-4541.25,376.25,-173.28,72.96,-252.32
5613.4377,810.873,-69.906,636.657,-1583.75,-4252.5,332.5,-180.88,42.56,-229.52
5613.4877,803.553,-71.919,636.718,-1968.75,-4488.75,481.25,-152.0,45.6,-234.08
5613.5377,799.1,-75.335,636.169,-1942.5,-5223.75,726.25,-165.68,57.76,-243.2
5613.5877,812.337,-81.13,637.206,-971.25,-5276.25,437.5,-161.12,69.92,-241.68
5613.6377,810.141,-69.845,638.548,-1120.0,-3893.75,805.0,-168.72,57.76,-240.16
5613.6877,798.978,-70.455,635.071,-1767.5,-4313.75,516.25,-176.32,69.92,-228.0
5613.7377,802.211,-78.873,637.267,-1977.5,-5713.75,787.5,-165.68,74.48,-246.24
5613.7879,808.189,-71.797,638.243,-1321.25,-5293.75,218.75,-173.28,54.72,-229.52
5613.8377,800.259,-73.444,632.692,-1898.75,-5775.0,805.0,-171.76,60.8,-232.56
5613.8878,809.104,-77.348,637.877,-1356.25,-5678.75,271.25,-180.88,51.68,-232.56
5613.9377,809.104,-75.091,633.79,-1496.25,-5407.5,-113.75,-158.08,54.72,-243.2
5613.9878,806.664,-73.444,629.947,-1513.75,-5521.25,-105.0,-183.92,54.72,-240.16
5614.0377,809.958,-73.078,632.936,-1365.0,-4331.25,-350.0,-179.36,62.32,-229.52
5614.0877,808.189,-70.76,634.278,-1627.5,-4182.5,551.25,-174.8,66.88,-247.76
5614.1377,801.723,-74.725,635.071,-1426.25,-4287.5,901.25,-167.2,50.16,-224.96
5614.1877,805.871,-72.529,636.596,-1435.0,-5180.0,927.5,-180.88,53.2,-243.2
5614.2377,804.956,-72.529,636.962,-1557.5,-5110.0,236.25,-174.8,50.16,-235.6
5614.2877,808.372,-73.139,633.729,-2021.25,-4812.5,140.0,-177.84,48.64,-237.12
5614.3377,806.847,-75.152,635.01,-1785.0,-4585.0,612.5,-171.76,51.68,-237.12
5614.3877,806.481,-74.237,636.901,-1417.5,-4812.5,848.75,-168.72,72.96,-241.68
5614.4377,805.688,-73.627,635.986,-1610.0,-4996.25,708.75,-167.2,54.72,-237.12
5614.4877,803.797,-73.017,635.925,-2030.0,-4812.5,446.25,-162.64,57.76,-250.8
5614.5377,798.673,-73.932,634.949,-1977.5,-5337.5,910.0,-170.24,51.68,-255.36
5614.5877,815.082,-78.385,640.012,-1618.75,-5897.5,945.0,-165.68,56.24,-226.48
5614.6377,802.943,-77.653,636.352,-1522.5,-4322.5,901.25,-167.2,51.68,-235.6
5614.6877,798.002,-72.834,636.779,-1522.5,-5643.75,568.75,-155.04,65.36,-238.64
5614.7377,810.08,-75.335,638.609,-2082.5,-5530.0,437.5,-159.6,66.88,-252.32
5614.7877,804.285,-76.799,635.01,-1540.0,-4523.75,586.25,-162.64,54.72,-249.28
5614.8377,803.248,-79.422,635.071,-1058.75,-5906.25,533.75,-161.12,53.2,-241.68
5614.8877,808.982,-74.725,637.511,-875.0,-5985.0,883.75,-162.64,63.84,-250.8
5614.9377,805.505,-76.067,632.997,-1741.25,-5477.5,770.0,-176.32,69.92,-231.04
5614.9877,807.762,-78.141,633.241,-1855.0,-5197.5,341.25,-161.12,68.4,-235.6
5615.0377,808.128,-73.2,636.84,-1181.25,-3928.75,17.5,-177.84,56.24,-228.0
5615.0877,805.688,-77.958,634.339,-1610.0,-4112.5,1032.5,-174.8,60.8,-243.2
5615.1377,799.283,-79.788,634.461,-1443.75,-4856.25,1120.0,-171.76,74.48,-243.2
5615.1877,805.139,-77.409,635.742,-1041.25,-5407.5,910.0,-179.36,59.28,-241.68
5615.2377,806.42,-75.03,634.644,-971.25,-5547.5,472.5,-167.2,66.88,-237.12
5615.2877,806.847,-74.115,636.108,-1610.0,-5145.0,603.75,-159.6,71.44,-237.12
5615.3377,806.481,-76.372,634.4,-1671.25,-4672.5,866.25,-162.64,54.72,-226.48
5615.3877,802.577,-77.348,633.607,-1697.5,-4891.25,980.0,-176.32,79.04,-235.6
5615.4377,812.398,-80.947,636.779,-1015.0,-5066.25,-26.25,-186.96,57.76,-252.32
5615.4877,802.455,-72.163,639.036,-1811.25,-3780.0,393.75,-159.6,65.36,-229.52
5615.5377,794.708,-78.995,635.315,-1863.75,-4480.0,463.75,-171.76,63.84,-237.12
5615.5877,803.37,-80.398,637.267,-1820.0,-5460.0,770.0,-168.72,62.32,-250.8
5615.6377,807.335,-77.592,639.402,-1146.25,-4900.0,253.75,-177.84,68.4,-246.24
5615.6877,798.612,-79.117,635.132,-1802.5,-5976.25,288.75,-156.56,60.8,-255.36
5615.7377,807.213,-77.409,640.012,-1741.25,-6396.25,26.25,-179.36,54.72,-234.08
5615.7877,806.786,-77.714,635.864,-1802.5,-6247.5,78.75,-158.08,59.28,-231.04
5615.8377,811.422,-79.727,632.57,-1942.5,-6142.5,516.25,-159.6,62.32,-253.84
5615.8877,814.167,-80.032,634.583,-1251.25,-5162.5,-61.25,-186.96,51.68,-246.24
5615.9377,805.81,-71.919,630.984,-1575.0,-4051.25,472.5,-180.88,65.36,-250.8
5615.9877,805.688,-80.886,635.01,-1986.25,-4795.0,560.0,-176.32,54.72,-249.28
5616.0377,804.041,-80.947,632.387,-1408.75,-5127.5,910.0,-171.76,65.36,-243.2
5616.0877,809.531,-74.176,635.01,-1172.5,-5040.0,560.0,-170.24,72.96,-243.2
5616.1377,806.237,-75.518,636.413,-1811.25,-4742.5,201.25,-153.52,50.16,-253.84
5616.1877,805.444,-80.276,631.411,-1828.75,-5031.25,61.25,-177.84,54.72,-234.08
5616.2377,810.446,-81.252,637.999,-1601.25,-5425.0,481.25,-168.72,63.84,-234.08
5616.2877,816.485,-77.348,639.646,-1155.0,-4401.25,210.0,-173.28,71.44,-232.56
5616.3379,796.782,-75.64,633.912,-1802.5,-3342.5,665.0,-174.8,57.76,-238.64
5616.3877,797.026,-78.019,634.156,-2003.75,-5293.75,848.75,-164.16,66.88,-237.12
5616.4378,807.823,-83.936,642.208,-1750.0,-5573.75,43.75,-165.68,56.24,-224.96
5616.4877,794.769,-77.714,631.899,-2117.5,-6361.25,717.5,-177.84,53.2,-238.64
5616.5377,804.59,-82.655,634.4,-1592.5,-7402.5,595.0,-176.32,59.28,-246.24
5616.5877,812.825,-75.457,635.376,-1391.25,-6265.0,525.0,-164.16,69.92,-234.08
5616.6377,806.786,-77.958,629.581,-1872.5,-6142.5,726.25,-173.28,71.44,-241.68
5616.6877,815.265,-82.045,632.631,-1793.75,-5958.75,87.5,-179.36,50.16,-247.76
5616.7377,813.008,-78.324,630.069,-1645.0,-4558.75,350.0,-182.4,77.52,-238.64
5616.7877,808.128,-78.507,628.605,-1688.75,-4760.0,1225.0,-179.36,56.24,-240.16
5616.8377,808.921,-83.997,630.252,-1540.0,-4996.25,1330.0,-156.56,66.88,-240.16
5616.8877,809.775,-76.555,630.74,-1041.25,-4462.5,630.0,-168.72,54.72,-244.72
5616.9377,806.115,-79.422,628.483,-1828.75,-4506.25,630.0,-155.04,66.88,-246.24
5616.9877,809.409,-81.435,630.984,-1417.5,-3902.5,673.75,-177.84,62.32,-246.24
5617.0377,813.557,-80.947,636.413,-1146.25,-4270.0,402.5,-168.72,44.08,-228.0
5617.0877,812.215,-78.385,639.707,-1120.0,-3430.0,542.5,-165.68,57.76,-247.76
5617.1377,796.538,-78.263,632.57,-1592.5,-3526.25,630.0,-162.64,66.88,-231.04
5617.1877,794.403,-81.74,635.803,-1531.25,-5057.5,787.5,-162.64,66.88,-232.56
5617.2377,803.98,-83.997,638.548,-953.75,-5643.75,735.0,-176.32,53.2,-232.56
5617.2877,802.943,-80.398,633.668,-2196.25,-6072.5,1645.0,-164.16,60.8,-247.76
5617.3377,811.117,-87.291,637.023,-1417.5,-6238.75,78.75,-161.12,63.84,-232.56
5617.3877,807.701,-77.653,633.79,-2117.5,-5355.0,-542.5,-159.6,56.24,-231.04
5617.4377,804.773,-84.058,629.52,-2205.0,-5626.25,-35.0,-179.36,54.72,-243.2
5617.4877,811.117,-84.058,633.851,-1120.0,-5136.25,183.75,-158.08,63.84,-250.8
5617.5377,807.518,-78.141,633.241,-1443.75,-4576.25,1137.5,-177.84,62.32,-237.12
5617.5877,808.799,-81.557,632.57,-1330.0,-4786.25,953.75,-171.76,53.2,-232.56
5617.6377,806.054,-80.459,632.387,-1400.0,-4952.5,682.5,-152.0,72.96,-234.08
5617.6877,814.838,-81.557,637.45,-1671.25,-4200.0,-227.5,-165.68,60.8,-229.52
5617.7377,803.065,-79.727,633.912,-1863.75,-3762.5,323.75,-162.64,80.56,-244.72
5617.7877,800.137,-85.705,633.973,-1671.25,-4541.25,875.0,-182.4,51.68,-240.16
5617.8377,807.945,-88.755,637.511,-1312.5,-5713.75,831.25,-164.16,71.44,-262.96
5617.8877,813.069,-78.507,640.439,-717.5,-4313.75,-533.75,-165.68,80.56,-249.28
5617.9377,792.024,-75.823,631.167,-2432.5,-4068.75,-210.0,-185.44,54.72,-249.28
5617.9877,795.867,-81.069,634.278,-2432.5,-5153.75,507.5,-167.2,59.28,-240.16
5618.0377,816.119,-84.973,641.293,-1303.75,-4987.5,752.5,-180.88,60.8,-235.6
5618.0877,794.342,-78.385,631.96,-1566.25,-4515.0,1128.75,-177.84,68.4,-249.28
5618.1377,808.006,-82.655,635.62,-1461.25,-6125.0,332.5,-162.64,65.36,-247.76
5618.1877,804.102,-82.655,631.899,-1443.75,-5118.75,253.75,-162.64,59.28,-241.68
5618.2377,803.37,-79.117,632.692,-1653.75,-5372.5,813.75,-179.36,62.32,-238.64
5618.2877,810.69,-84.607,637.267,-1356.25,-4628.75,1076.25,-174.8,54.72,-249.28
5618.3377,805.566,-81.679,634.583,-1216.25,-3981.25,726.25,-180.88,71.44,-235.6
5618.3877,799.893,-84.973,635.742,-1872.5,-4873.75,1032.5,-182.4,48.64,-237.12
5618.4377,799.344,-85.095,637.023,-1268.75,-5556.25,271.25,-158.08,60.8,-259.92
5618.4877,807.03,-82.594,637.694,-1583.75,-5783.75,840.0,-165.68,69.92,-220.4
5618.5377,803.736,-83.57,637.938,-1872.5,-5127.5,717.5,-162.64,47.12,-234.08
5618.5877,803.98,-81.862,633.851,-1610.0,-5512.5,708.75,-173.28,60.8,-243.2
5618.6377,805.566,-86.864,635.62,-1898.75,-6370.0,1067.5,-177.84,65.36,-237.12
5618.6877,820.755,-86.254,638.67,-892.5,-4655.0,288.75,-159.6,65.36,-246.24
5618.7377,807.884,-80.459,633.729,-1137.5,-3552.5,848.75,-174.8,62.32,-229.52
5618.7877,796.904,-80.215,635.193,-2091.25,-4961.25,752.5,-158.08,59.28,-234.08
5618.8377,809.47,-89.365,638.792,-1855.0,-4523.75,953.75,-161.12,57.76,-249.28
5618.8879,798.795,-87.23,633.912,-1662.5,-4462.5,840.0,-164.16,66.88,-253.84
5618.9377,803.37,-87.962,635.986,-1102.5,-5635.0,612.5,-161.12,60.8,-226.48
5618.9878,803.004,-84.546,637.511,-1382.5,-5381.25,1251.25,-150.48,69.92,-240.16
5619.0377,801.357,-85.705,635.254,-1785.0,-5661.25,1128.75,-174.8,68.4,-223.44
5619.0877,810.629,-90.89,638.182,-1426.25,-5031.25,411.25,-182.4,59.28,-256.88
5619.1377,805.505,-84.729,637.999,-1680.0,-4541.25,323.75,-170.24,63.84,-244.72
5619.1877,802.76,-92.598,635.254,-1802.5,-4725.0,927.5,-173.28,51.68,-250.8
5619.2377,803.37,-89.121,633.607,-1050.0,-5197.5,1286.25,-171.76,72.96,-238.64
5619.2877,803.736,-88.877,634.888,-1251.25,-5783.75,997.5,-164.16,68.4,-250.8
5619.3377,809.592,-87.596,635.62,-1575.0,-5258.75,236.25,-162.64,69.92,-249.28
5619.3877,810.08,-85.034,637.694,-1671.25,-4112.5,-8.75,-174.8,60.8,-229.52
5619.4377,803.065,-88.023,636.23,-2161.25,-3850.0,428.75,-165.68,65.36,-231.04
5619.4877,796.477,-88.816,631.594,-1706.25,-5118.75,1023.75,-173.28,62.32,-253.84
5619.5377,813.313,-95.099,638.67,-831.25,-5573.75,472.5,-162.64,56.24,-243.2
5619.5877,806.725,-79.544,641.11,-831.25,-3701.25,227.5,-174.8,65.36,-250.8
5619.6377,791.597,-80.52,633.119,-2047.5,-4086.25,280.0,-161.12,83.6,-250.8
5619.6877,803.736,-93.269,641.11,-2205.0,-5241.25,682.5,-156.56,71.44,-256.88
5619.7377,803.919,-87.413,641.964,-1295.0,-4366.25,402.5,-170.24,60.8,-250.8
5619.7877,790.377,-87.23,635.681,-2231.25,-5652.5,936.25,-164.16,65.36,-243.2
5619.8377,806.542,-90.097,641.598,-1233.75,-6212.5,-122.5,-180.88,57.76,-238.64
5619.8877,805.383,-86.742,634.583,-1793.75,-6125.0,-87.5,-156.56,57.76,-243.2
5619.9377,804.529,-87.535,634.4,-1907.5,-6116.25,446.25,-162.64,69.92,-237.12
5619.9877,812.825,-88.572,635.681,-1443.75,-4655.0,568.75,-164.16,65.36,-228.0
5620.0377,807.518,-86.071,634.827,-1557.5,-3963.75,691.25,-165.68,71.44,-244.72
5620.0877,798.612,-88.816,632.448,-1452.5,-4550.0,1155.0,-167.2,60.8,-231.04
5620.1377,803.553,-90.768,636.535,-927.5,-5171.25,551.25,-173.28,65.36,-250.8
5620.1877,802.211,-83.875,635.803,-1032.5,-5328.75,726.25,-153.52,47.12,-240.16
5620.2377,807.457,-87.474,639.768,-1846.25,-4830.0,376.25,-155.04,66.88,-224.96
5620.2877,804.529,-87.413,637.938,-1995.0,-4532.5,0.0,-168.72,60.8,-252.32
5620.3377,799.893,-91.012,636.169,-1163.75,-4506.25,122.5,-156.56,69.92,-240.16
5620.3877,809.348,-89.914,637.45,-1496.25,-5171.25,682.5,-170.24,59.28,-240.16
5620.4377,810.141,-89.487,643.794,-1706.25,-4585.0,1076.25,-164.16,72.96,-229.52
5620.4877,787.449,-91.134,632.875,-1811.25,-4672.5,341.25,-171.76,60.8,-247.76
5620.5377,796.965,-91.073,634.217,-1916.25,-6098.75,-218.75,-170.24,72.96,-237.12
5620.5877,811.605,-90.097,644.587,-1890.0,-4690.0,-315.0,-173.28,60.8,-238.64
5620.6377,789.645,-91.866,632.692,-2117.5,-5285.0,796.25,-161.12,63.84,-231.04
5620.6877,802.882,-93.513,636.047,-1321.25,-6615.0,490.0,-161.12,71.44,-221.92
5620.7377,808.189,-87.047,636.657,-1015.0,-5197.5,822.5,-168.72,68.4,-249.28
5620.7877,804.102,-89.975,635.01,-1531.25,-5145.0,778.75,-153.52,69.92,-235.6
5620.8377,809.653,-89.121,635.437,-1557.5,-4856.25,-26.25,-183.92,59.28,-231.04
5620.8877,800.686,-87.047,639.158,-1951.25,-3823.75,245.0,-159.6,74.48,-237.12
5620.9377,795.501,-89.487,638.121,-2003.75,-4462.5,927.5,-167.2,77.52,-234.08
5620.9877,799.161,-93.147,641.781,-1435.0,-5180.0,1015.0,-164.16,71.44,-243.2
5621.0377,801.418,-90.585,639.463,-1050.0,-5355.0,840.0,-170.24,68.4,-238.64
5621.0877,799.527,-88.816,641.415,-1303.75,-5293.75,358.75,-167.2,59.28,-253.84
5621.1377,800.686,-91.073,634.949,-1750.0,-5503.75,630.0,-176.32,56.24,-249.28
5621.1877,800.564,-90.463,635.132,-1828.75,-5775.0,822.5,-182.4,85.12,-240.16
5621.2377,813.984,-99.796,638.06,-1251.25,-5897.5,306.25,-161.12,71.44,-250.8
5621.2877,808.128,-89.182,637.572,-901.25,-3736.25,323.75,-168.72,65.36,-241.68
5621.3377,795.745,-88.633,634.522,-1505.0,-3797.5,490.0,-164.16,66.88,-229.52
5621.3877,801.662,-94.855,635.925,-1767.5,-5136.25,866.25,-162.64,54.72,-223.44
5621.4377,805.139,-90.463,635.193,-1146.25,-5127.5,813.75,-176.32,68.4,-249.28
5621.4877,798.307,-90.646,634.034,-1286.25,-5363.75,341.25,-161.12,59.28,-246.24
5621.5379,807.762,-90.524,640.195,-1216.25,-5355.0,236.25,-161.12,60.8,-234.08
5621.5877,798.795,-87.23,635.681,-1295.0,-5381.25,647.5,-168.72,57.76,-226.48
5621.6378,807.518,-92.659,637.45,-1531.25,-5398.75,603.75,-162.64,79.04,-240.16
5621.6877,809.653,-87.84,636.962,-1347.5,-4453.75,682.5,-165.68,72.96,-249.28
5621.7377,800.625,-90.158,637.023,-1855.0,-4366.25,910.0,-182.4,68.4,-252.32
5621.7877,803.492,-94.123,638.06,-1662.5,-4453.75,691.25,-167.2,71.44,-221.92
5621.8377,802.15,-93.147,637.877,-1487.5,-4462.5,840.0,-173.28,62.32,-238.64
5621.8877,801.784,-93.269,635.254,-1155.0,-4340.0,708.75,-176.32,59.28,-249.28
5621.9377,799.893,-92.476,640.744,-1085.0,-4663.75,560.0,-170.24,66.88,-238.64
5621.9877,798.124,-88.267,639.402,-1645.0,-4777.5,148.75,-164.16,66.88,-235.6
5622.0377,799.405,-94.916,636.535,-1505.0,-4637.5,-288.75,-179.36,66.88,-234.08
5622.0877,810.69,-95.404,641.354,-997.5,-4847.5,-183.75,-176.32,69.92,-240.16
5622.1377,810.873,-87.535,644.038,-866.25,-3946.25,332.5,-177.84,83.6,-243.2
5622.1877,789.401,-87.962,635.62,-2047.5,-4121.25,682.5,-168.72,56.24,-243.2
5622.2377,789.401,-91.012,639.829,-2397.5,-5661.25,490.0,-159.6,65.36,-238.64
5622.2877,806.481,-95.587,646.783,-1758.75,-5871.25,157.5,-179.36,59.28,-228.0
5622.3377,790.316,-89.304,634.888,-2318.75,-5355.0,332.5,-167.2,50.16,-243.2
5622.3877,800.137,-93.574,641.293,-1855.0,-6623.75,752.5,-162.64,60.8,-241.68
5622.4377,804.224,-95.831,635.071,-1400.0,-5967.5,1592.5,-150.48,76.0,-243.2
5622.4877,802.394,-92.476,631.899,-1102.5,-6212.5,927.5,-168.72,63.84,-247.76
5622.5377,811.849,-94.672,634.156,-1855.0,-5582.5,1295.0,-155.04,72.96,-247.76
5622.5877,806.298,-92.964,634.217,-1540.0,-4182.5,551.25,-164.16,65.36,-235.6
5622.6377,803.248,-95.038,635.742,-2126.25,-4523.75,1225.0,-173.28,66.88,-246.24
5622.6877,802.699,-100.772,637.023,-1557.5,-4515.0,857.5,-156.56,80.56,-235.6
5622.7377,804.59,-97.112,637.572,-1190.0,-4401.25,2135.0,-168.72,54.72,-237.12
5622.7877,802.76,-92.903,637.45,-1373.75,-4497.5,-183.75,-162.64,72.96,-250.8
5622.8377,801.418,-93.696,637.023,-1767.5,-4506.25,113.75,-167.2,60.8,-250.8
5622.8877,800.381,-92.049,637.999,-1820.0,-5127.5,980.0,-162.64,68.4,-235.6
5622.9377,815.082,-97.051,643.672,-1653.75,-4445.0,341.25,-174.8,72.96,-232.56
5622.9877,796.294,-99.735,638.67,-1120.0,-2283.75,271.25,-158.08,57.76,-237.12
5623.0377,782.752,-94.55,638.67,-630.0,-3867.5,-411.25,-176.32,63.84,-240.16
5623.0877,800.381,-88.999,646.356,-1863.75,-5398.75,-78.75,-155.04,54.72,-237.12
5623.1377,798.917,-92.171,642.513,-2135.0,-5416.25,52.5,-171.76,62.32,-243.2
5623.1877,798.429,-96.868,641.781,-1540.0,-6203.75,385.0,-159.6,45.6,-228.0
5623.2377,805.2,-93.208,641.415,-1058.75,-5425.0,350.0,-183.92,68.4,-247.76
5623.2877,796.904,-91.561,640.134,-1382.5,-5048.75,647.5,-185.44,60.8,-229.52
5623.3377,800.991,-92.964,640.378,-1347.5,-5932.5,253.75,-165.68,71.44,-237.12
5623.3877,805.688,-91.195,638.792,-1583.75,-5547.5,507.5,-171.76,62.32,-237.12
5623.4377,801.845,-95.465,641.293,-2030.0,-4558.75,971.25,-158.08,60.8,-238.64
5623.4877,801.418,-98.027,637.694,-1260.0,-4795.0,927.5,-168.72,82.08,-243.2
5623.5377,801.052,-94.611,637.816,-1041.25,-4480.0,1032.5,-167.2,63.84,-231.04
5623.5877,803.736,-94.001,640.5,-1242.5,-4497.5,822.5,-165.68,77.52,-237.12
5623.6377,800.137,-91.805,641.354,-1470.0,-3867.5,945.0,-164.16,59.28,-241.68
5623.6877,797.148,-93.452,639.524,-1750.0,-4112.5,665.0,-186.96,77.52,-240.16
5623.7377,797.27,-100.345,642.574,-1837.5,-5433.75,1207.5,-170.24,68.4,-243.2
5623.7877,810.385,-101.321,645.075,-507.5,-4532.5,70.0,-159.6,72.96,-229.52
5623.8377,795.928,-84.302,645.746,-1461.25,-3088.75,533.75,-173.28,47.12,-228.0
5623.8877,786.778,-95.77,643.55,-2301.25,-4532.5,822.5,-161.12,80.56,-235.6
5623.9377,794.891,-100.406,646.966,-1855.0,-5180.0,105.0,-164.16,45.6,-250.8
5623.9877,795.074,-91.622,644.465,-1636.25,-5468.75,507.5,-153.52,60.8,-244.72
5624.0377,793.061,-98.82,641.171,-1723.75,-6483.75,883.75,-165.68,48.64,-244.72
5624.0879,804.895,-94.672,644.587,-945.0,-6483.75,341.25,-162.64,60.8,-235.6
5624.1377,801.662,-90.646,638.06,-1697.5,-5547.5,463.75,-176.32,65.36,-244.72
5624.1878,803.98,-95.953,641.415,-2100.0,-5285.0,113.75,-152.0,72.96,-231.04
5624.2377,801.845,-94.062,640.561,-1645.0,-4410.0,0.0,-171.76,71.44,-243.2
5624.2877,797.453,-97.6,639.524,-1995.0,-5013.75,621.25,-156.56,65.36,-235.6
5624.3377,800.564,-99.674,637.389,-1575.0,-5232.5,1347.5,-171.76,62.32,-244.72
5624.3877,801.296,-99.369,640.866,-1067.5,-4821.25,953.75,-177.84,62.32,-238.64
5624.4377,803.736,-92.049,641.171,-1478.75,-4506.25,131.25,-165.68,50.16,-238.64
5624.4877,798.795,-95.465,642.269,-2266.25,-4130.0,-78.75,-179.36,56.24,-229.52
5624.5377,788.12,-97.112,640.439,-2275.0,-5013.75,175.0,-162.64,63.84,-247.76
5624.5877,806.542,-101.809,644.709,-1575.0,-5635.0,437.5,-161.12,63.84,-238.64
5624.6377,801.357,-94.001,645.929,-1811.25,-3692.5,840.0,-152.0,66.88,-240.16
5624.6877,785.924,-96.38,639.036,-1715.0,-3920.0,253.75,-156.56,82.08,-228.0
5624.7377,800.625,-94.489,649.162,-1758.75,-4795.0,175.0,-176.32,66.88,-237.12
5624.7877,794.098,-95.16,646.783,-1811.25,-4322.5,201.25,-164.16,82.08,-235.6
5624.8377,783.362,-98.698,639.463,-2318.75,-5783.75,1172.5,-174.8,66.88,-234.08
5624.8877,804.773,-102.236,645.807,-1391.25,-6405.0,551.25,-153.52,77.52,-241.68
5624.9377,800.259,-101.016,641.537,-1505.0,-5635.0,743.75,-167.2,50.16,-234.08
5624.9877,802.394,-98.759,638.548,-1417.5,-5416.25,638.75,-168.72,60.8,-234.08
5625.0377,802.577,-98.332,643.184,-1268.75,-4278.75,411.25,-176.32,71.44,-255.36
5625.0877,797.88,-96.197,641.11,-1811.25,-4497.5,726.25,-153.52,62.32,-250.8
5625.1377,794.647,-102.663,642.818,-1811.25,-4698.75,560.0,-170.24,80.56,-228.0
5625.1877,796.965,-101.077,641.842,-1356.25,-5766.25,630.0,-165.68,59.28,-240.16
5625.2377,799.222,-99.003,644.404,-1006.25,-5775.0,551.25,-152.0,66.88,-258.4
5625.2877,798.002,-94.184,641.354,-1330.0,-4935.0,341.25,-158.08,76.0,-234.08
5625.3377,797.88,-95.831,642.208,-1925.0,-4873.75,647.5,-150.48,57.76,-255.36
5625.3877,793.61,-98.698,641.11,-1855.0,-5442.5,840.0,-165.68,86.64,-234.08
5625.4377,809.653,-100.833,645.136,-761.25,-5171.25,-306.25,-162.64,71.44,-241.68
5625.4877,804.163,-96.075,645.563,-857.5,-3876.25,831.25,-164.16,76.0,-240.16
5625.5377,787.51,-96.929,639.951,-1487.5,-4331.25,927.5,-168.72,74.48,-238.64
5625.5877,794.037,-102.663,644.892,-1636.25,-5162.5,1006.25,-161.12,79.04,-244.72
5625.6377,802.882,-97.844,649.162,-1102.5,-4628.75,358.75,-165.68,63.84,-231.04
5625.6877,791.963,-103.09,639.768,-1706.25,-5573.75,70.0,-159.6,66.88,-244.72
5625.7377,800.564,-100.65,642.696,-1102.5,-5643.75,8.75,-168.72,68.4,-249.28
5625.7877,798.063,-97.478,644.099,-1583.75,-4803.75,638.75,-144.4,69.92,-250.8
5625.8377,800.32,-100.711,643.672,-1216.25,-5057.5,770.0,-173.28,74.48,-235.6
5625.8877,802.943,-98.637,645.807,-1382.5,-4418.75,271.25,-162.64,69.92,-231.04
5625.9377,792.39,-97.112,644.77,-1592.5,-4208.75,402.5,-174.8,56.24,-246.24
5625.9877,793.732,-98.881,646.051,-1505.0,-4698.75,787.5,-147.44,76.0,-231.04
5626.0377,795.806,-96.258,648.186,-1391.25,-5083.75,516.25,-164.16,89.68,-241.68
5626.0877,794.342,-98.881,645.624,-1540.0,-5442.5,682.5,-152.0,57.76,-243.2
5626.1377,795.928,-97.539,646.417,-1802.5,-5232.5,175.0,-141.36,66.88,-259.92
5626.1877,798.307,-98.21,648.369,-1680.0,-4655.0,-297.5,-165.68,66.88,-252.32
5626.2377,795.135,-95.77,645.807,-1960.0,-5276.25,577.5,-165.68,79.04,-240.16
5626.2877,794.281,-98.027,644.648,-1820.0,-5932.5,673.75,-168.72,66.88,-246.24
5626.3377,797.453,-103.883,645.075,-1347.5,-6098.75,1347.5,-158.08,68.4,-228.0
5626.3877,808.494,-100.528,644.709,-577.5,-5573.75,-227.5,-155.04,83.6,-240.16
5626.4377,803.431,-89.914,645.807,-1592.5,-2782.5,113.75,-164.16,68.4,-247.76
5626.4877,787.327,-97.722,639.341,-2423.75,-3745.0,437.5,-159.6,74.48,-229.52
5626.5377,794.647,-105.408,645.197,-1898.75,-4506.25,735.0,-173.28,56.24,-235.6
5626.5877,790.865,-95.465,645.746,-1321.25,-4165.0,796.25,-155.04,74.48,-243.2
5626.6379,788.181,-97.6,646.539,-1872.5,-5372.5,647.5,-158.08,76.0,-238.64
5626.6877,798.673,-100.406,650.504,-1557.5,-5075.0,288.75,-152.0,69.92,-237.12
5626.7378,792.756,-94.855,642.147,-2038.75,-4690.0,402.5,-159.6,66.88,-237.12
5626.7877,794.83,-98.088,647.21,-2178.75,-4620.0,848.75,-170.24,60.8,-237.12
5626.8377,795.562,-101.382,649.65,-1461.25,-3850.0,866.25,-156.56,71.44,-253.84
5626.8877,786.046,-97.356,648.003,-1592.5,-4217.5,542.5,-150.48,79.04,-235.6
5626.9377,789.035,-104.066,649.711,-2021.25,-4996.25,498.75,-155.04,79.04,-240.16
5626.9877,791.719,-103.883,647.637,-1120.0,-5722.5,463.75,-161.12,69.92,-238.64
5627.0377,796.721,-101.565,648.613,-1155.0,-5495.0,603.75,-142.88,79.04,-247.76
5627.0877,792.573,-95.953,645.807,-1373.75,-4585.0,490.0,-168.72,66.88,-247.76
5627.1377,792.268,-101.565,644.709,-1925.0,-4523.75,446.25,-161.12,83.6,-235.6
5627.1877,797.575,-101.26,649.345,-1548.75,-4725.0,787.5,-155.04,65.36,-226.48
5627.2377,794.159,-98.698,652.761,-1496.25,-4121.25,306.25,-152.0,69.92,-232.56
5627.2877,788.547,-98.759,648.735,-2170.0,-3876.25,-122.5,-180.88,66.88,-240.16
5627.3377,785.497,-101.26,651.968,-1890.0,-4392.5,-227.5,-171.76,86.64,-235.6
5627.3877,794.281,-103.273,653.92,-1277.5,-4506.25,-52.5,-171.76,79.04,-246.24
5627.4377,786.9,-102.541,652.578,-1216.25,-4611.25,1067.5,-158.08,66.88,-252.32
5627.4877,785.009,-95.709,653.554,-875.0,-5740.0,437.5,-162.64,74.48,-235.6
5627.5377,794.952,-92.537,654.957,-1881.25,-5731.25,831.25,-170.24,72.96,-250.8
5627.5877,787.449,-102.541,652.639,-2231.25,-5547.5,586.25,-158.08,80.56,-250.8
5627.6377,793.732,-103.7,651.053,-1207.5,-5713.75,455.0,-156.56,79.04,-231.04
5627.6877,797.331,-100.223,651.602,-813.75,-5180.0,717.5,-159.6,68.4,-250.8
5627.7377,789.096,-96.685,652.639,-1400.0,-4768.75,1190.0,-155.04,68.4,-252.32
5627.7877,784.094,-97.417,654.347,-2065.0,-5425.0,752.5,-185.44,89.68,-249.28
5627.8377,776.225,-96.624,653.859,-2975.0,-7105.0,402.5,-153.52,79.04,-253.84
5627.8877,794.037,-108.763,648.674,-2310.0,-9152.5,568.75,-170.24,71.44,-244.72
5627.9377,806.786,-111.142,647.149,-910.0,-7962.5,1146.25,-156.56,62.32,-237.12
5627.9877,805.017,-101.199,640.073,-682.5,-5538.75,1268.75,-176.32,80.56,-249.28
5628.0377,800.503,-100.467,640.927,-1653.75,-4672.5,831.25,-155.04,82.08,-240.16
5628.0877,802.943,-107.177,636.596,-1942.5,-5022.5,17.5,-158.08,68.4,-234.08
5628.1377,808.006,-105.225,639.829,-1163.75,-4068.75,-1461.25,-168.72,63.84,-220.4
5628.1877,801.601,-100.406,642.757,-1356.25,-3010.0,-393.75,-158.08,71.44,-250.8
5628.2377,789.279,-103.639,641.903,-1260.0,-3185.0,936.25,-170.24,59.28,-256.88
5628.2877,794.586,-103.273,650.26,-96.25,-3158.75,813.75,-158.08,79.04,-234.08
5628.3377,785.863,-93.696,650.87,-866.25,-3158.75,192.5,-158.08,69.92,-244.72
5628.3877,787.449,-99.613,650.992,-1373.75,-4690.0,-315.0,-148.96,71.44,-259.92
5628.4377,791.048,-98.088,655.689,-1111.25,-4707.5,96.25,-171.76,68.4,-253.84
5628.4877,784.155,-94.245,651.907,-1067.5,-5258.75,630.0,-153.52,68.4,-238.64
5628.5377,787.266,-100.223,652.517,-1023.75,-5810.0,1102.5,-174.8,63.84,-256.88
5628.5877,789.035,-94.611,651.663,-1242.5,-5328.75,420.0,-165.68,66.88,-237.12
5628.6377,790.377,-97.783,648.491,-1583.75,-5766.25,551.25,-165.68,60.8,-241.68
5628.6877,796.477,-100.833,650.382,-1820.0,-5608.75,507.5,-173.28,82.08,-246.24
5628.7377,797.148,-103.334,648.308,-1461.25,-5407.5,245.0,-152.0,66.88,-237.12
5628.7877,794.647,-97.112,649.101,-1478.75,-5031.25,183.75,-165.68,66.88,-238.64
5628.8377,791.353,-97.478,648.918,-1793.75,-4943.75,96.25,-152.0,74.48,-238.64
5628.8877,794.891,-100.894,645.197,-1330.0,-4593.75,516.25,-182.4,79.04,-246.24
5628.9377,803.553,-103.761,652.334,-910.0,-4865.0,813.75,-168.72,79.04,-253.84
5628.9877,802.516,-95.892,658.373,-516.25,-3010.0,-218.75,-164.16,60.8,-256.88
5629.0377,777.75,-90.341,652.151,-2283.75,-2712.5,26.25,-164.16,68.4,-249.28
5629.0877,772.565,-97.722,650.748,-2581.25,-4383.75,-323.75,-161.12,66.88,-243.2
5629.1377,796.172,-104.859,661.301,-1548.75,-5407.5,-385.0,-176.32,71.44,-232.56
5629.1877,784.399,-96.136,648.613,-1312.5,-5083.75,1023.75,-158.08,85.12,-240.16
5629.2377,791.109,-96.929,653.676,-1207.5,-5582.5,752.5,-158.08,77.52,-237.12
5629.2878,791.719,-97.234,653.066,-1347.5,-4961.25,490.0,-156.56,62.32,-258.4
5629.3377,785.253,-92.293,652.944,-4138.75,-5101.25,341.25,-159.6,71.44,-247.76
5629.3877,792.268,-96.807,654.347,-3062.5,-5083.75,525.0,-188.48,71.44,-240.16
5629.4377,784.582,-103.822,651.968,-1986.25,-4690.0,761.25,-161.12,77.52,-241.68
5629.4877,786.229,-103.395,653.676,-1295.0,-5162.5,1268.75,-162.64,74.48,-235.6
5629.5377,788.791,-102.175,652.822,-892.5,-5696.25,1601.25,-155.04,72.96,-241.68
5629.5877,794.098,-93.635,653.737,-1181.25,-5398.75,17.5,-155.04,66.88,-246.24
5629.6377,795.928,-96.563,652.212,-2091.25,-4830.0,332.5,-145.92,80.56,-232.56
5629.6877,783.667,-101.382,647.027,-2178.75,-5250.0,52.5,-156.56,77.52,-247.76
5629.7377,784.216,-102.724,651.114,-2240.0,-5827.5,682.5,-156.56,59.28,-261.44
5629.7877,801.601,-106.506,654.591,-1023.75,-5005.0,787.5,-156.56,77.52,-246.24
5629.8377,784.46,-102.48,651.297,-1067.5,-3727.5,560.0,-156.56,60.8,-249.28
5629.8877,780.739,-95.892,649.711,-1225.0,-4488.75,568.75,-152.0,76.0,-244.72
5629.9377,792.939,-100.04,654.835,-2170.0,-5486.25,700.0,-167.2,69.92,-238.64
5629.9877,792.512,-100.467,655.872,-2117.5,-4602.5,525.0,-150.48,74.48,-249.28
5630.0377,782.325,-103.883,652.944,-1207.5,-5416.25,131.25,-167.2,63.84,-246.24
5630.0877,789.035,-96.746,651.175,-1785.0,-5433.75,971.25,-167.2,74.48,-249.28
5630.1377,789.096,-101.443,650.504,-1627.5,-5433.75,1102.5,-164.16,68.4,-253.84
5630.1877,790.438,-102.968,654.042,-1793.75,-5573.75,1076.25,-156.56,54.72,-247.76
5630.2377,788.364,-101.504,654.164,-1356.25,-4795.0,962.5,-155.04,66.88,-238.64
5630.2877,788.242,-105.774,655.506,-1942.5,-5031.25,735.0,-164.16,63.84,-249.28
5630.3377,783.24,-109.129,651.541,-1627.5,-5670.0,761.25,-165.68,80.56,-250.8
5630.3877,792.39,-106.201,650.504,-1137.5,-5740.0,927.5,-155.04,65.36,-252.32
5630.4377,793.0,-102.419,650.077,-1487.5,-5232.5,778.75,-144.4,77.52,-250.8
5630.4877,790.072,-100.711,650.809,-2073.75,-5232.5,647.5,-161.12,69.92,-250.8
5630.5377,786.778,-106.018,648.857,-2170.0,-4970.0,507.5,-161.12,76.0,-237.12
5630.5877,803.004,-112.484,652.944,-962.5,-4961.25,-17.5,-161.12,72.96,-246.24
5630.6377,796.904,-104.493,656.177,-227.5,-3955.0,385.0,-158.08,66.88,-246.24
5630.6877,778.299,-95.892,650.87,-1723.75,-3666.25,796.25,-165.68,76.0,-243.2
5630.7377,786.534,-108.946,656.909,-2003.75,-5101.25,971.25,-174.8,69.92,-238.64
5630.7877,789.584,-109.007,656.726,-1032.5,-4751.25,-358.75,-156.56,77.52,-232.56
5630.8377,783.667,-103.029,651.846,-1828.75,-5066.25,437.5,-155.04,65.36,-252.32
5630.8877,789.889,-104.92,660.63,-866.25,-5390.0,105.0,-153.52,69.92,-240.16
5630.9377,782.813,-97.417,653.615,-1610.0,-5652.5,-105.0,-158.08,63.84,-256.88
5630.9877,786.534,-102.785,650.687,-2345.0,-6702.5,105.0,-170.24,69.92,-244.72
5631.0377,793.305,-107.238,655.689,-2073.75,-5783.75,-183.75,-153.52,71.44,-232.56
5631.0877,792.146,-104.31,651.785,-1470.0,-5521.25,848.75,-168.72,63.84,-241.68
5631.1377,789.218,-108.58,650.26,-1146.25,-5740.0,1093.75,-139.84,72.96,-243.2
5631.1877,789.34,-104.066,649.284,-1303.75,-6265.0,691.25,-153.52,71.44,-259.92
5631.2377,799.222,-105.164,647.149,-1557.5,-6203.75,35.0,-159.6,76.0,-237.12
5631.2877,799.222,-103.761,649.833,-1417.5,-5153.75,-131.25,-162.64,86.64,-247.76
5631.3377,795.867,-102.846,646.905,-1478.75,-4305.0,533.75,-139.84,65.36,-247.76
5631.3877,793.305,-105.042,650.931,-1811.25,-4690.0,1111.25,-156.56,66.88,-240.16
5631.4377,801.906,-107.238,656.482,-1330.0,-3858.75,78.75,-158.08,57.76,-241.68
5631.4877,782.142,-102.724,649.345,-1680.0,-2887.5,236.25,-152.0,76.0,-240.16
5631.5377,777.323,-103.822,649.345,-1671.25,-4978.75,-131.25,-156.56,68.4,-253.84
5631.5877,790.194,-104.676,657.824,-1828.75,-5398.75,175.0,-159.6,65.36,-243.2
5631.6377,781.471,-99.918,651.175,-1767.5,-4795.0,682.5,-161.12,63.84,-240.16
5631.6877,785.253,-103.883,653.554,-1968.75,-6203.75,533.75,-164.16,82.08,-244.72
5631.7377,794.159,-102.968,655.14,-1540.0,-5705.0,446.25,-148.96,72.96,-243.2
5631.7877,789.584,-102.907,648.552,-1636.25,-5713.75,647.5,-153.52,72.96,-247.76
5631.8378,793.061,-106.506,652.761,-1767.5,-5853.75,1513.75,-147.44,66.88,-237.12
5631.8877,795.379,-103.578,654.652,-1023.75,-4707.5,988.75,-153.52,74.48,-235.6
5631.9377,788.852,-101.26,650.199,-1811.25,-4882.5,673.75,-144.4,66.88,-238.64
5631.9877,789.462,-109.129,650.382,-1688.75,-5180.0,341.25,-150.48,74.48,-241.68
5632.0377,790.865,-103.029,651.541,-1575.0,-4917.5,122.5,-142.88,72.96,-256.88
5632.0877,789.645,-103.761,652.883,-1662.5,-4366.25,717.5,-171.76,62.32,-252.32
5632.1377,786.656,-106.262,649.955,-1890.0,-5206.25,787.5,-148.96,59.28,-231.04
5632.1877,790.987,-106.323,649.528,-1435.0,-4830.0,183.75,-171.76,69.92,-255.36
5632.2377,797.392,-110.41,655.201,-1522.5,-5258.75,481.25,-170.24,80.56,-255.36
5632.2877,795.44,-100.284,655.323,-1408.75,-3115.0,131.25,-161.12,62.32,-237.12
5632.3377,779.397,-100.772,653.615,-1732.5,-3622.5,770.0,-153.52,77.52,-255.36
5632.3877,780.251,-106.323,655.079,-1898.75,-5923.75,1557.5,-155.04,74.48,-235.6
5632.4377,792.695,-107.665,658.678,-1190.0,-5600.0,1181.25,-170.24,76.0,-243.2
5632.4877,789.096,-108.763,650.321,-1636.25,-5188.75,1163.75,-153.52,79.04,-240.16
5632.5377,792.39,-105.469,653.066,-1198.75,-5801.25,131.25,-148.96,74.48,-252.32
5632.5877,789.645,-103.09,650.199,-1828.75,-5381.25,551.25,-173.28,71.44,-255.36
5632.6377,788.059,-112.423,651.907,-2038.75,-5495.0,953.75,-159.6,62.32,-238.64
5632.6877,795.257,-111.081,653.859,-971.25,-4847.5,490.0,-168.72,71.44,-250.8
5632.7377,792.207,-105.591,652.09,-1172.5,-4051.25,682.5,-171.76,59.28,-246.24
5632.7877,784.704,-113.277,653.249,-1382.5,-4620.0,857.5,-155.04,79.04,-250.8
5632.8377,788.791,-110.227,653.188,-1120.0,-5005.0,761.25,-156.56,62.32,-249.28
5632.8877,791.292,-108.275,653.432,-1417.5,-4908.75,332.5,-158.08,72.96,-241.68
5632.9377,785.802,-105.164,653.066,-1820.0,-4873.75,262.5,-150.48,77.52,-249.28
5632.9877,789.767,-110.227,656.848,-1618.75,-4926.25,-26.25,-153.52,71.44,-255.36
5633.0377,789.34,-106.018,652.822,-1443.75,-4803.75,350.0,-165.68,69.92,-246.24
5633.0877,788.73,-104.31,654.103,-1443.75,-4672.5,796.25,-155.04,69.92,-256.88
5633.1377,781.898,-109.007,650.443,-1872.5,-5530.0,1067.5,-155.04,74.48,-237.12
5633.1877,799.832,-108.275,658.068,-665.0,-4506.25,-1041.25,-164.16,69.92,-237.12
5633.2377,793.488,-99.613,657.031,-1461.25,-3473.75,-166.25,-162.64,74.48,-250.8
5633.2877,775.432,-106.872,651.846,-2415.0,-4313.75,446.25,-155.04,69.92,-224.96
5633.3377,786.168,-113.948,659.837,-1163.75,-5670.0,665.0,-165.68,82.08,-231.04
5633.3877,788.913,-106.14,657.946,-472.5,-5512.5,516.25,-153.52,74.48,-244.72
5633.4377,782.63,-104.127,652.883,-1680.0,-6142.5,840.0,-148.96,72.96,-241.68
5633.4877,790.926,-107.482,653.554,-1671.25,-6055.0,586.25,-155.04,62.32,-249.28
5633.5377,787.327,-107.177,652.273,-1723.75,-5722.5,586.25,-148.96,71.44,-249.28
5633.5877,789.035,-107.177,653.005,-1470.0,-5626.25,892.5,-159.6,77.52,-253.84
5633.6377,794.769,-106.262,654.591,-1531.25,-5276.25,621.25,-171.76,83.6,-252.32
5633.6877,787.388,-107.482,652.761,-1723.75,-4908.75,1041.25,-156.56,71.44,-243.2
5633.7377,784.704,-111.691,647.881,-1513.75,-5337.5,892.5,-155.04,65.36,-241.68
5633.7877,787.876,-111.203,651.053,-1277.5,-5495.0,1417.5,-155.04,80.56,-235.6
5633.8377,789.401,-106.872,650.443,-1487.5,-5250.0,778.75,-152.0,82.08,-240.16
5633.8877,791.048,-107.909,654.286,-2047.5,-5066.25,192.5,-148.96,62.32,-234.08
5633.9377,788.852,-110.654,653.005,-2030.0,-4996.25,201.25,-153.52,76.0,-250.8
5633.9877,786.656,-110.715,648.369,-1601.25,-5407.5,236.25,-170.24,65.36,-226.48
5634.0377,790.011,-111.569,648.613,-1470.0,-5862.5,840.0,-156.56,62.32,-237.12
5634.0877,801.723,-109.251,657.946,-1286.25,-4191.25,437.5,-155.04,63.84,-243.2
5634.1377,784.033,-107.299,653.127,-1846.25,-3465.0,-78.75,-153.52,79.04,-249.28
5634.1877,780.312,-107.482,652.212,-1942.5,-4830.0,-253.75,-155.04,72.96,-249.28
5634.2377,792.329,-116.144,655.811,-1767.5,-5075.0,533.75,-170.24,79.04,-229.52
5634.2877,787.266,-110.471,654.835,-1303.75,-4830.0,1128.75,-156.56,68.4,-247.76
5634.3377,783.972,-113.887,653.005,-1207.5,-5871.25,735.0,-144.4,66.88,-244.72
5634.3879,791.292,-107.543,654.652,-1356.25,-5792.5,-140.0,-171.76,65.36,-234.08
5634.4377,788.303,-109.739,650.87,-1872.5,-5206.25,0.0,-152.0,76.0,-244.72
5634.4878,792.512,-113.399,651.968,-1627.5,-4917.5,-175.0,-145.92,76.0,-244.72
5634.5377,794.098,-108.763,653.493,-1225.0,-4165.0,288.75,-147.44,66.88,-247.76
5634.5877,782.63,-108.519,653.371,-1785.0,-4305.0,1128.75,-168.72,83.6,-234.08
5634.6377,784.765,-110.837,654.835,-1338.75,-5162.5,778.75,-162.64,65.36,-247.76
5634.6877,786.839,-110.715,653.615,-1260.0,-5547.5,376.25,-139.84,80.56,-256.88
5634.7377,788.547,-110.715,652.334,-1575.0,-5267.5,70.0,-168.72,71.44,-229.52
5634.7877,789.218,-111.508,653.981,-1653.75,-5180.0,656.25,-156.56,66.88,-258.4
5634.8377,786.046,-112.24,654.225,-1522.5,-5013.75,498.75,-176.32,65.36,-258.4
5634.8877,788.242,-110.288,653.005,-1548.75,-5302.5,962.5,-170.24,51.68,-237.12
5634.9377,785.68,-113.277,649.04,-1505.0,-5442.5,1251.25,-158.08,72.96,-229.52
5634.9877,795.806,-112.118,654.164,-393.75,-4620.0,306.25,-164.16,69.92,-252.32
5635.0377,791.597,-105.591,655.14,-1128.75,-3858.75,988.75,-144.4,71.44,-238.64
5635.0877,778.787,-112.606,654.042,-1820.0,-4515.0,988.75,-162.64,72.96,-244.72
5635.1377,789.218,-115.595,656.482,-1251.25,-5048.75,638.75,-156.56,79.04,-235.6
5635.1877,789.035,-111.386,658.068,-997.5,-4576.25,262.5,-158.08,71.44,-237.12
5635.2377,785.497,-113.094,656.482,-1750.0,-5407.5,87.5,-141.36,60.8,-244.72
5635.2877,790.011,-107.299,656.543,-1636.25,-5678.75,78.75,-161.12,82.08,-237.12
5635.3377,784.521,-108.031,653.493,-2030.0,-5468.75,341.25,-168.72,74.48,-243.2
5635.3877,789.401,-115.961,654.286,-1601.25,-5713.75,463.75,-164.16,85.12,-241.68
5635.4377,789.035,-110.41,655.323,-752.5,-5223.75,341.25,-156.56,69.92,-244.72
5635.4877,786.046,-106.75,654.652,-1417.5,-5013.75,980.0,-156.56,66.88,-255.36
5635.5377,784.826,-111.691,654.835,-1461.25,-5276.25,770.0,-153.52,65.36,-247.76
5635.5877,788.913,-112.972,654.469,-1513.75,-5801.25,227.5,-153.52,68.4,-244.72
5635.6377,789.767,-114.558,648.613,-1540.0,-5582.5,192.5,-159.6,88.16,-241.68
5635.6877,793.976,-113.033,652.456,-1382.5,-5521.25,332.5,-145.92,76.0,-250.8
5635.7377,794.891,-113.887,655.079,-1417.5,-4243.75,315.0,-150.48,63.84,-240.16
5635.7877,780.922,-111.447,652.212,-1198.75,-4707.5,-227.5,-170.24,80.56,-253.84
5635.8377,782.935,-105.957,648.491,-1505.0,-5363.75,-402.5,-135.28,74.48,-240.16
5635.8877,801.601,-107.726,656.36,-1811.25,-4348.75,-953.75,-168.72,71.44,-244.72
5635.9377,787.388,-106.079,649.772,-1960.0,-3788.75,-367.5,-139.84,80.56,-249.28
5635.9877,775.737,-107.97,650.321,-1767.5,-5232.5,87.5,-153.52,66.88,-247.76
5636.0377,791.475,-110.288,660.264,-1820.0,-5818.75,857.5,-165.68,86.64,-258.4
5636.0877,790.011,-108.031,655.445,-1408.75,-5180.0,192.5,-153.52,65.36,-253.84
5636.1377,786.107,-109.495,652.578,-1758.75,-5556.25,-17.5,-156.56,86.64,-243.2
5636.1877,790.56,-105.652,654.103,-1828.75,-5276.25,218.75,-156.56,72.96,-238.64
5636.2377,785.253,-104.066,645.99,-2012.5,-5503.75,892.5,-167.2,63.84,-243.2
5636.2877,795.379,-115.168,649.772,-1741.25,-5503.75,1356.25,-167.2,85.12,-243.2
5636.3377,796.233,-113.155,651.785,-1146.25,-4418.75,656.25,-165.68,76.0,-244.72
5636.3877,787.693,-112.057,649.406,-1417.5,-3736.25,945.0,-145.92,92.72,-246.24
5636.4377,784.46,-114.009,653.432,-1452.5,-4532.5,752.5,-162.64,77.52,-252.32
5636.4877,790.255,-113.399,653.31,-1417.5,-4987.5,901.25,-142.88,60.8,-244.72
5636.5377,786.351,-106.689,656.543,-1443.75,-4480.0,393.75,-162.64,74.48,-247.76
5636.5877,783.24,-111.02,654.469,-1793.75,-4698.75,87.5,-155.04,68.4,-237.12
5636.6377,784.521,-109.007,654.042,-1645.0,-4628.75,533.75,-153.52,68.4,-252.32
5636.6877,792.085,-116.083,658.251,-1041.25,-4742.5,490.0,-159.6,62.32,-252.32
5636.7377,792.573,-111.264,656.421,-682.5,-3937.5,848.75,-162.64,74.48,-243.2
5636.7877,777.445,-107.909,656.177,-1715.0,-3570.0,358.75,-164.16,62.32,-246.24
5636.8377,781.532,-113.826,654.591,-2353.75,-5171.25,691.25,-159.6,76.0,-261.44
5636.8877,786.839,-117.669,658.495,-1207.5,-4733.75,-17.5,-161.12,68.4,-266.0
5636.9379,781.654,-116.144,655.567,-1058.75,-5276.25,822.5,-141.36,85.12,-250.8
5636.9877,787.876,-112.667,656.787,-638.75,-5976.25,577.5,-142.88,80.56,-228.0
5637.0378,785.375,-107.726,655.262,-1487.5,-5670.0,455.0,-168.72,79.04,-238.64
5637.0877,788.303,-113.521,657.641,-1671.25,-5381.25,875.0,-164.16,76.0,-243.2
5637.1378,786.351,-114.436,655.75,-892.5,-5013.75,560.0,-156.56,72.96,-249.28
5637.1877,787.754,-108.153,656.299,-1452.5,-4742.5,962.5,-156.56,77.52,-238.64
5637.2377,781.532,-113.643,651.724,-1732.5,-4908.75,743.75,-158.08,68.4,-238.64
5637.2877,782.203,-111.63,657.519,-1785.0,-5530.0,420.0,-152.0,79.04,-252.32
5637.3377,790.377,-117.242,656.848,-1636.25,-5477.5,87.5,-148.96,65.36,-241.68
5637.3877,791.78,-112.24,656.665,-1321.25,-4873.75,-26.25,-145.92,72.96,-238.64
5637.4377,785.497,-107.116,656.36,-1890.0,-4068.75,708.75,-168.72,83.6,-235.6
5637.4877,781.105,-116.205,655.628,-1916.25,-4462.5,1155.0,-159.6,65.36,-237.12
5637.5377,788.181,-121.329,659.044,-1443.75,-5250.0,673.75,-156.56,79.04,-244.72
5637.5877,790.926,-109.129,662.46,-988.75,-3911.25,-385.0,-155.04,80.56,-252.32
5637.6377,779.58,-109.434,655.628,-2187.5,-3613.75,-8.75,-153.52,86.64,-252.32
5637.6877,775.676,-117.059,657.275,-1846.25,-5057.5,218.75,-150.48,65.36,-238.64
5637.7377,787.815,-109.922,664.168,-1015.0,-4663.75,393.75,-150.48,86.64,-249.28
5637.7877,775.859,-108.702,658.739,-2047.5,-5223.75,953.75,-155.04,66.88,-246.24
5637.8377,783.85,-113.765,658.678,-1347.5,-6125.0,157.5,-133.76,77.52,-246.24
5637.8877,786.717,-110.654,655.628,-1470.0,-6405.0,831.25,-153.52,68.4,-243.2
5637.9377,788.242,-108.824,655.14,-1478.75,-5827.5,997.5,-152.0,65.36,-232.56
5637.9877,789.584,-111.447,659.044,-1006.25,-4410.0,1347.5,-144.4,74.48,-249.28
5638.0377,783.911,-108.458,657.397,-1233.75,-3955.0,455.0,-155.04,53.2,-253.84
5638.0877,779.702,-112.118,658.617,-2371.25,-5232.5,866.25,-141.36,65.36,-240.16
5638.1377,781.593,-116.51,656.238,-1837.5,-6133.75,533.75,-165.68,69.92,-261.44
5638.1877,788.73,-114.07,653.981,-1531.25,-6046.25,892.5,-159.6,83.6,-240.16
5638.2377,786.29,-116.754,654.713,-1618.75,-5285.0,315.0,-153.52,74.48,-244.72
5638.2877,785.924,-112.057,653.554,-2100.0,-5083.75,-87.5,-148.96,63.84,-252.32
5638.3377,783.728,-117.73,655.384,-1750.0,-4987.5,402.5,-156.56,63.84,-250.8
5638.3877,791.902,-112.85,661.484,-1181.25,-4366.25,17.5,-150.48,76.0,-238.64
5638.4377,781.654,-112.301,656.97,-1505.0,-3911.25,770.0,-168.72,69.92,-250.8
5638.4877,778.299,-113.704,657.946,-1618.75,-4865.0,612.5,-161.12,66.88,-250.8
5638.5377,785.131,-114.497,658.373,-1741.25,-4821.25,288.75,-162.64,79.04,-247.76
5638.5877,783.85,-112.911,657.214,-1338.75,-4191.25,105.0,-165.68,59.28,-246.24
5638.6377,778.36,-113.033,655.445,-1435.0,-5670.0,-227.5,-142.88,66.88,-247.76
5638.6877,786.29,-109.678,662.399,-1680.0,-6011.25,621.25,-150.48,69.92,-253.84
5638.7377,782.02,-111.264,657.397,-1706.25,-5468.75,892.5,-148.96,72.96,-235.6
5638.7877,788.608,-115.229,657.702,-1688.75,-5363.75,586.25,-161.12,68.4,-256.88
5638.8377,787.937,-114.558,658.922,-1163.75,-4541.25,560.0,-135.28,71.44,-235.6
5638.8877,780.312,-114.253,656.848,-1601.25,-4585.0,568.75,-159.6,76.0,-252.32
5638.9377,781.41,-114.924,655.445,-1688.75,-5118.75,708.75,-150.48,69.92,-235.6
5638.9877,785.314,-117.364,656.116,-1531.25,-5197.5,603.75,-155.04,66.88,-243.2
5639.0377,785.436,-112.606,659.105,-1277.5,-5171.25,-105.0,-153.52,76.0,-250.8
5639.0877,781.471,-112.301,657.397,-1487.5,-4891.25,-52.5,-155.04,80.56,-241.68
5639.1377,785.375,-114.924,655.811,-1680.0,-4943.75,603.75,-162.64,72.96,-243.2
5639.1877,782.508,-117.181,657.275,-1723.75,-5311.25,1487.5,-153.52,86.64,-250.8
5639.2377,790.621,-115.595,661.423,-323.75,-4611.25,-8.75,-171.76,71.44,-234.08
5639.2877,776.103,-109.861,658.556,-2117.5,-3990.0,358.75,-167.2,79.04,-234.08
5639.3377,771.955,-113.582,657.275,-2205.0,-5110.0,682.5,-156.56,69.92,-261.44
5639.3877,784.216,-120.414,660.752,-1076.25,-5993.75,271.25,-158.08,69.92,-249.28
5639.4377,792.573,-109.8,664.9,-1128.75,-5162.5,787.5,-150.48,80.56,-261.44
5639.4877,779.641,-112.911,655.567,-1373.75,-5801.25,358.75,-148.96,63.84,-243.2
5639.5377,787.083,-114.131,657.641,-1820.0,-5232.5,428.75,-141.36,74.48,-241.68
5639.5878,783.423,-117.181,654.957,-1548.75,-5110.0,770.0,-164.16,79.04,-250.8
5639.6377,787.266,-113.948,656.665,-1251.25,-5215.0,630.0,-155.04,72.96,-250.8
5639.6877,786.046,-113.399,658.922,-1618.75,-4445.0,945.0,-161.12,71.44,-241.68
5639.7377,784.46,-117.181,657.824,-1907.5,-4532.5,770.0,-161.12,82.08,-238.64
5639.7877,781.898,-116.083,657.031,-1400.0,-4716.25,682.5,-153.52,77.52,-247.76
5639.8377,781.288,-115.778,659.715,-1400.0,-5188.75,848.75,-147.44,80.56,-256.88
5639.8877,787.51,-115.9,657.458,-1557.5,-5302.5,752.5,-179.36,74.48,-253.84
5639.9377,784.826,-114.07,657.031,-1802.5,-4803.75,542.5,-162.64,68.4,-241.68
5639.9877,782.691,-118.462,655.75,-1820.0,-4663.75,157.5,-138.32,86.64,-237.12
5640.0377,788.303,-118.34,656.97,-1750.0,-5066.25,700.0,-156.56,68.4,-253.84
5640.0877,795.44,-116.693,661.301,-1146.25,-4296.25,411.25,-159.6,74.48,-249.28
5640.1377,776.408,-112.667,656.421,-2056.25,-3412.5,420.0,-153.52,77.52,-243.2
5640.1877,773.114,-117.608,659.837,-2170.0,-5162.5,367.5,-156.56,79.04,-250.8
5640.2377,785.985,-121.573,663.375,-1566.25,-5048.75,-315.0,-155.04,82.08,-238.64
5640.2877,775.676,-109.556,658.495,-1750.0,-4777.5,446.25,-165.68,72.96,-250.8
5640.3377,774.639,-116.815,660.508,-1373.75,-6020.0,175.0,-156.56,69.92,-247.76
5640.3877,788.425,-114.314,662.765,-1680.0,-6168.75,1172.5,-156.56,71.44,-231.04
5640.4377,779.58,-119.499,653.676,-1522.5,-6125.0,1015.0,-136.8,69.92,-253.84
5640.4877,787.632,-118.462,658.922,-1513.75,-5635.0,175.0,-173.28,74.48,-252.32
5640.5377,787.693,-112.179,661.545,-1540.0,-4138.75,175.0,-158.08,80.56,-256.88
5640.5877,777.933,-119.743,655.628,-2100.0,-4725.0,936.25,-164.16,71.44,-262.96
5640.6377,780.19,-120.78,657.885,-1435.0,-5512.5,1338.75,-158.08,72.96,-238.64
5640.6877,784.948,-116.998,661.362,-1023.75,-5608.75,796.25,-159.6,74.48,-237.12
5640.7377,784.277,-115.595,657.946,-1662.5,-5425.0,630.0,-164.16,80.56,-249.28
5640.7877,783.85,-120.597,658.434,-2003.75,-5215.0,525.0,-139.84,76.0,-247.76
5640.8377,780.312,-119.438,654.469,-1671.25,-5206.25,1102.5,-161.12,77.52,-231.04
5640.8877,787.083,-123.83,660.691,-822.5,-5302.5,866.25,-158.08,89.68,-244.72
5640.9377,780.251,-114.802,660.874,-1155.0,-5162.5,1181.25,-171.76,86.64,-235.6
5640.9877,773.48,-114.863,655.994,-1872.5,-5713.75,682.5,-152.0,74.48,-250.8
5641.0377,786.168,-122.305,657.153,-2082.5,-6711.25,796.25,-141.36,82.08,-253.84
5641.0877,790.987,-120.292,656.482,-1338.75,-5477.5,446.25,-167.2,63.84,-244.72
